[
  {
    "id": 1,
    "title": "Inception by Leo",
    "slug": "Incep-leo",
    "actorId": 5,
    "genre": "Sci-fi"
  },
  {
    "id": 2,
    "title": "Cast Away",
    "slug": "Cast-tom",
    "actorId": 4,
    "genre": "Drama"
  },
  {
    "id": 3,
    "title": "Ocean's 13",
    "slug": "Oce-brad",
    "actorId": 3,
    "genre": "Action"
  },
  {
    "id": 4,
    "title": "Avengers",
    "slug": "Ave-Rob",
    "actorId": 2,
    "genre": "Action"
  },
  {
    "id": 5,
    "title": "Moana",
    "slug": "Moa-Dwa",
    "actorId": 1,
    "genre": "Animation"
  }
]
